{
  "CardTypes": [
    "Sorcery"
  ],
  "Color": [
    "U"
  ],
  "ManaCost": "{3}{U}",
  "Name": "Deep Analysis",
  "SpellAbility": {
    "Effects": [
      {
        "Name": "Draw",
        "Modifiers": {
            "Count": 2,
            "Target": "Player"
          }
      }
    ]
  },
  "StaticAbilities": [
    {
      "Name": "Flashback",
      "Modifiers": {
          "Cost": "{1}{U}, Pay 3 life"
        }
    }
  ],
  "RulesText": "Target player draws two cards.\nFlashback—{1}{U}, Pay 3 life. (You may cast this card from your graveyard for its flashback cost. Then exile it.)"
}
