{
  "CardTypes": [
    "Instant"
  ],
  "Color": [
    "U"
  ],
  "ManaCost": "{U}",
  "Name": "Gigadrowse",
  "SpellAbility": {
    "Effects": [
      {
        "Name": "Tap",
        "Modifiers": {
            "Target": "Permanent"
        }
      }
    ]
  },
  "StaticAbilities": [
    {
      "Name": "Replicate",
      "Modifiers": [
        {
          "Key": "Cost",
          "Value": "{U}"
        }
      ]
    }
  ],
  "RulesText": "Replicate {U} (When you cast this spell, copy it for each time you paid its replicate cost. You may choose new targets for the copies.)\nTap target permanent."
}
