{
  "CardTypes": [
    "Sorcery"
  ],
  "Color": [
    "U"
  ],
  "ManaCost": "{1}{U}",
  "Name": "Hidden Strings",
  "SpellAbility": {
    "Effects": [
      {
        "Name": "TapOrUntap",
        "Modifiers": {
            "Target": "Permanent",
            "Optional": true
          }
      },
      {
        "Name": "TapOrUntap",
        "Modifiers": {
          "Target": "Permanent",
          "Optional": true
        }
      }
    ]
  },
  "StaticAbilities": [
    {
      "Name": "Cipher"
    }
  ],
  "RulesText": "You may tap or untap target permanent, then you may tap or untap another target permanent.\nCipher (Then you may exile this spell card encoded on a creature you control. Whenever that creature deals combat damage to a player, its controller may cast a copy of the encoded card without paying its mana cost.)"
}
