{
  "CardTypes": [
    "Sorcery"
  ],
  "Color": [
    "U"
  ],
  "ManaCost": "{U}{U}",
  "Name": "Ideas Unbound",
  "SpellAbility": {
    "Effects": [
      {
        "Name": "Draw",
        "Modifiers": {
            "Count": 3
          }
      },
      {
        "Name": "Discard",
        "Modifiers": {
          "Count": 3,
          "Delay": "EndStep"
        }
      }
    ]
  },
  "RulesText": "Draw three cards. Discard three cards at the beginning of the next end step.",
  "Subtypes": [
    "Arcane"
  ]
}
