{
  "CardTypes": [
    "Sorcery"
  ],
  "Color": [
    "U"
  ],
  "ManaCost": "{3}{U}{U}",
  "Name": "Lorien Revealed",
  "SpellAbility": {
    "Effects": [
      {
        "Name": "Draw",
        "Modifiers": {
            "Count": 3
          }
      }
    ]
  },
  "ActivatedAbilities": [
    {
      "Name": "Islandcycling",
      "Cost": "{1}, Discard this card",
      "Effects": [
        {
          "Name": "Search",
          "Modifiers": {
            "Subtypes": ["Island"]
          }
        }
      ],
      "Zone": "Hand"
    }
  ],
  "RulesText": "Draw three cards.\nIslandcycling {1} ({1}, Discard this card: Search your library for an Island card, reveal it, put it into your hand, then shuffle.)"
}
