{
  "CardTypes": [
    "Instant"
  ],
  "Color": [
    "U"
  ],
  "ManaCost": "{1}{U}",
  "Name": "Peer Through Depths",
  "SpellAbility": {
    "Effects": [
      {
        "Name": "LookAndChoose",
        "Modifiers": {
            "Look": 5,
            "Choose": 1,
            "CardTypes": ["Instant", "Sorcery"],
            "Rest": "Library",
            "Order": "Any"
        }
      }
    ]
  },
  "RulesText": "Look at the top five cards of your library. You may reveal an instant or sorcery card from among them and put it into your hand. Put the rest on the bottom of your library in any order.",
  "Subtypes": [
    "Arcane"
  ]
}
