{
  "CardTypes": [
    "Land"
  ],
  "Name": "Remote Isle",
  "ActivatedAbilities": [
    {
      "Name": "Add {U} Mana",
      "Cost": "{T}",
      "Effects": [
        {
          "Name": "AddMana",
          "Modifiers": 
            {
              "Mana": "{U}"
            }
          
        }
      ]
    },
    {
      "Name": "Cycling",
      "Cost": "{2},Discard this card",
      "Effects": [
        {
          "Name": "Draw",
          "Modifiers": 
            {
              "Cycle": true
            }
          
        }
      ],
      "Zone": "Hand"
    }
  ],
  "RulesText": "This land enters tapped.\n{T}: Add {U}.\nCycling {2} ({2}, Discard this card: Draw a card.)"
}
