{
  "Name": "High Tide Combo",
  "Cards": [
    {
      "Name": "Brainstorm",
      "Count": 4
    },
    {
      "Name": "Gigadrowse",
      "Count": 1
    },
    {
      "Name": "High Tide",
      "Count": 4
    },
    {
      "Name": "Preordain",
      "Count": 4
    },
    {
      "Name": "Stream of Thought",
      "Count": 2
    },
    {
      "Name": "Hidden Strings",
      "Count": 4
    },
    {
      "Name": "Ideas Unbound",
      "Count": 4
    },
    {
      "Name": "Merchant Scroll",
      "Count": 4
    },
    {
      "Name": "Muddle the Mixture",
      "Count": 2
    },
    {
      "Name": "Peer Through Depths",
      "Count": 4
    },
    {
      "Name": "Psychic Puppetry",
      "Count": 4
    },
    {
      "Name": "Pieces of the Puzzle",
      "Count": 3
    },
    {
      "Name": "Deep Analysis",
      "Count": 1
    },
    {
      "Name": "Lorien Revealed",
      "Count": 4
    },
    {
      "Name": "Island",
      "Count": 15
    },
    {
      "Name": "Snow-Covered Island",
      "Count": 7
    }
  ]
}
